full_name_raw,full_name_fr,full_name_ar,full_name_en,full_name_es
Danish Refugee Council,Conseil de réfugié danois,مجلس اللاجئين الدانمركي,Danish refugee council,Consejo Danés de Refugiados
Sabea Sanabul Organization for Relief and Development,Organisation Sabea Sanabul pour le soulagement et le développement,شركة Sabea Sanabul للإغاثة والتنمية,SABEA SANABUL ORGANIZATION FOR RELIEF AND DEVELOPMENT,Organización Sabea Sanabul para alivio y desarrollo.
Mercy Corps,Mercy Corps,زلق لحاء الدردار,Mercy body,Cuerpo de misericordia
DARY Organization,Organisation duarie,تنظيم دااري,Dary Organization,Organización Dary
International Rescue Committee,Comité international de secours,لجنة الإنقاذ الدولية,International Rescue Committee,Comité Internacional de Rescate
The United Iraqi Medical Society,La Société médicale irakienne unie,الجمعية الطبية العراقية المتحدة,THE UNITED IRAQI MEDICAL SOCIETY,La sociedad médica iraquí unida
International Organization of Migration,Organisation internationale de la migration,التنظيم الدولي للهجرة,International Organization of Migration,Organización internacional de migración.
Première Urgence Internationale,Première Urgence Internationale,Première urgence internationale.,First international emergency,Primera emergencia internacional
World Food Programme,Programme alimentaire mondial,برنامج الأغذية العالمي,World Food Program,Programa Mundial de Alimentos
International Medical Corps,Corps médical international,فيلق الطبي الدولي,International Medical Body,Cuerpo médico internacional
Terre Des Hommes - Lausanne,Terre des Hommes - Lausanne,Terre des Hommes - Lausanne,Terre des Men - Lausanne,Terre des Men - Lausanne
Justice Gate Organization,Organisation de la porte de la justice,منظمة البوابة العدالة,Justice Gate Organization,Organización de la Puerta de Justicia
HALO Trust,Halo Trust,هالة الثقة,Halo Trust,Halo confianza
War Child - UK,Guerre enfant - Royaume-Uni,حرب الطفل - المملكة المتحدة,War Child - UK,Niño de la guerra - Reino Unido
Public Aid Organization,Organisation d'aide publique,منظمة المساعدات العامة,Public Aid Organization,Organización de ayuda pública
Norwegian People's Aid,Aide du peuple norvégien,مساعدات الشعب النرويجي,Norwegian People's Aid,Ayuda de los pueblos noruegos
Terre Des Hommes - Italia,Terre des Hommes - Italia,Terre des Hommes - Italia,Terre des Men - Italia,Terre des Men - Italia
Iraq Health Access Organization,Oraq Health Access Organization,منظمة الوصول الصحية في العراق,Iraq Health Access Organization,Organización de acceso a la salud de Irak
Baghdad Women Association,Association des femmes Bagdad,جمعية نساء بغداد,Baghdad Women Association,Asociación de Mujeres de Bagdad
Tajdid Organization,Organisation Tajdid,تنظيم طاجيد,Tajdid Organization,Organización Tajdid
Bent Al-Rafedain Organization,Organisation Bent Al-Rafedain,منظمة عازمة الرافدين,Bent al-Salesland Organization,Organización Bent al-Salesland
United Nations Children's Funds,Fonds des Nations Unies pour enfants,أموال أطفال الأمم المتحدة,United Nations Children's Funds,Fondos de los niños de las Naciones Unidas
Norweigan Refugee Council,Conseil de réfugié Norweigan,مجلس اللاجئين نورويغان,Norweigan Refugee Council,Consejo de Refugiados de Norweigan
Cordaid Organization,Organisation Cordaid,منظمة كورداد,Cordaid Organization,Organización Cordaid
Hebaa Organization,Organisation Hebaa,منظمة هيباء,Hebaa Organization,Organización de Hebaa
Legal Clinic Network,Réseau de la clinique juridique,شبكة العيادة القانونية,Legal Clinic Network,Red de Clínicas Legales
Social Transformation and Educational Prosperity,Transformation sociale et prospérité éducative,التحول الاجتماعي والازدهار التعليمي,Social Transformation and Educational Prosperity,Transformación social y prosperidad educativa.
Department of Violence Against Women Govnmt,Département de la violence contre les femmes govnmt,قسم العنف ضد المرأة Govnmt,Department of Violence Against Women Govnmt,Departamento de Violencia contra Mujeres Govnmt
Heartland Alliance International,Heartland Alliance International,قلب التحالف الدولي,Heartland Alliance International,Heartland Alliance International
Jiyan Foundation,Jiyan Foundation,مؤسسة جيان,Jiyan Foundation,Fundación Jiyan
Directorate of Health - Sulaymaniyah,Direction de la santé - Sulaymaniyah,مديرية الصحة - السليمانية,Directorate of Health - Sulaymaniyah,Dirección de Salud - Sulaymaniyah
Zhian Health Organization,Organisation de la santé zhienne,منظمة الصحة تشيان,Zhian Health Organization,Organización de Salud Zhian
Heevie Kurdistan Development Organization,Heevie Kurdistan Organisation de développement,هيسي كردستان للتنمية,Heevie Kurdistan Development Organization,Organización de Desarrollo de Heevie Kurdistan
Directorate of Migration and Crisis Response - Sulaimaniyah,Direction de la migration et de la réponse à la crise - Sulaimaniyah,مديرية الهجرة والاستجابة للأزمات - السليمانية,Directorate of Migration and Crisis Response - Sulaimaniyah,Dirección de Migración y Respuesta de Crisis - Sulaimaniyah
Emergency Organization,Organisation d'urgence,منظمة الطوارئ,EMERGENCY ORGANIZATION,Organización de emergencia
Al-Masala Organization,Organisation Al-Masala,منظمة المسالا,AL-MASALA ORGANIZATION,Organización Al-Masala
Directorate of Labour & Social Affairs - Garmyan,Direction du travail et des affaires sociales - Garmyan,مديرية العمل والشؤون الاجتماعية - Garmyan,Directorate of Labor & Social Affairs - Garmyan,Dirección de Trabajo y Asuntos Sociales - Garmyan
Arche Nova Organization,Arche Nova Organisation,Arche Nova Organization,Arche Nova Organization,Organización Arche Nova
The Swedish Development Aid organization,L'organisation suédoise d'aide au développement,منظمة مساعدات التنمية السويدية,The Swedish Development Aid Organization,La Organización de Ayudas de Desarrollo Suecia
Harikar Organization,Organisation Harikar,منظمة هاريكار,Harikar Organization,Organización de Harikar
Voice of Older People,Voix des personnes âgées,صوت كبار السن,Voice of Older People,Voz de personas mayores
Doctors Aid Medical Activities,Les médecins aident les activités médicales,الأطباء الأنشطة الطبية,Doctors Aid Medical Activities,Los médicos ayudan a las actividades médicas.
Emma Organization,Organisation EMMA,منظمة إيما,Emma Organization,Organización EMMA
Ministry of Labor and Social Affairs,Ministère du travail et des affaires sociales,وزارة العمل والشؤون الاجتماعية,Ministry of Labor and Social Affairs,Ministerio de Trabajo y Asuntos Sociales.
Global Yazidi Organization,Organisation mondiale de Yazidi,منظمة اليزيدى العالمية,Global Yazidi Organization,Organización Global Yazidi
Seed Foundation,Fondation de semences,مؤسسة البذور,SEED FOUNDATION,Fundación de semillas
Kurdistan Reconstruction and Development Society,Kurdistan Reconstruction et Development Society,مجتمع إعادة الإعمار والتنمية الكردستاني,Kurdistan Reconstruction and Development Society,Sociedad de Reconstrucción y Desarrollo de Kurdistán.
Directorate of Labour & Social Affairs - Duhok,Direction de la main-d'œuvre et des affaires sociales - Duhok,مديرية العمل والشؤون الاجتماعية - دهوك,Directorate of Labor & Social Affairs - Duhok,Dirección de Trabajo y Asuntos Sociales - Duhok
Dorcas Aid International,Dorcas Aid International,دوركاس المعونة الدولية,DORCAS AID INTERNATIONAL,Dorcas Aid International
Catholic Relief Service,Service de secours catholique,خدمة الإغاثة الكاثوليكية,Catholic relief service,Servicio de alivio católico
Jesuit Refugee Service,Service de réfugié jésuite,خدمة اللاجئين اليسوعية,Jesuit Refugee Service,Servicio Jesuita de Refugiados
Peace Winds Japan,Peace Winds Japon,رياح السلام اليابان,PEACE WINDS JAPAN,Viernos de paz Japón
Shingal Organization for Social Development,Organisation blingale pour le développement social,منظمة الشقال للتنمية الاجتماعية,SHINGAL ORGANIZATION FOR SOCIAL DEVELOPMENT,Organización de Shingal para el desarrollo social.
Women Rehabilitation Organization,Organisation de réadaptation des femmes,منظمة إعادة تأهيل النساء,WOMEN REHABILITATION ORGANIZATION,Organización de la rehabilitación de las mujeres
Save the Children International,Sauvez les enfants internationaux,انقاذ الأطفال الدولية,Save the Children International,Salvar a los niños internacionales
Barzani Charity Foundation,Barzani Foundation Charity,مؤسسة بارزاني الخيرية,Barzani Charity Foundation,Fundación Barzani Charity
Directorate of Health - Erbil,Direction de la santé - Erbil,مديرية الصحة - أربيل,Directorate of Health - Erbil,Dirección de Salud - Erbil
United Nations High Commisioner for Refugees,GRAND COMMISSION DES NATIONS UNIES POUR LES REFUGES,الأمم المتحدة العليا للاجئين,United Nations High commissioner for Refugees,Alto Comisionado de las Naciones Unidas para los Refugiados
Handicap International,Handicap International,عائق الدولية,Disability,Invalidez
Kurdistan Relief Association,Association de secours de Kurdistan,جمعية إغاثة كردستان,KURDISTAN RELIEF Association,Asociación de Alivio de Kurdistán
Pekawa Organization,Organisation de Pekawa,منظمة بيكنا,PEKAWA ORGANIZATION,Organización Pekawa
Pena Center for combating Violence against Women,Pena Center pour lutter contre la violence à l'égard des femmes,مركز بينا لمكافحة العنف ضد المرأة,PENA CENTER for Combating Violence Against Women,Peña Centro para combatir la violencia contra las mujeres.
Polish Humanitarian Organization,Organisation humanitaire polonaise,منظمة إنسانية بولندية,Polish Humanitarian Organization,Organización humanitaria polaca
Intersos Organization,Organisation interne,منظمة Intersos,INTERSOS ORGANIZATION,Organización de Intersos
Al-Ghad for Women & Child Care,Al-Ghad pour les femmes et les garderies,الغد للرعاية النسائية والأطفال,AL-GHAD FOR WOMEN & CHILD CARE,Al-Ghad para mujeres y cuidado infantil
Women's Empowerment Organisation,Organisation d'autonomisation des femmes,منظمة تمكين المرأة,Women's Empowerment Organization,Organización de empoderamiento de las mujeres
French Red Cross,Croix-Rouge française,الفرنسية الصليب الأحمر,FRENCH RED CROSS,Cruz Roja Francesa
Welt Hunger Hilfe,Welt Hunger Hilfe,فيلت جوع هيلف,Welt Hunger Hilfe,Welt Hunger Hilfe
Shareteah Organization,Organisation Shareteah,منظمة شاريتية,Sharetah Organization,Organización de ShareTah
People In Need,Personnes dans le besoin,الناس في حاجة,People in Need,Las personas necesitadas
Un Ponte Per,Un ponte par,بونتي الأمم المتحدة PER.,A laying per,Una colocación por
Mission East Organization,Mission Organisation East,منظمة مهمة الشرق,East Organization Mission,Misión de Organización Oriental
IRAQ Health Social Care Organization,Oraq Health Soins sociaux Organisation,منظمة الرعاية الاجتماعية للصحة العراقية,Iraq Health Social Care Organization,Organización de Atención Social de Salud de Irak
Viyan Organization for Medical Relief and Development,Organisation Viyan pour le soulagement et le développement médicaux,منظمة Viyan للإغاثة الطبية والتنمية,VIIAN ORGANIZATION FOR MEDICAL RELIEF AND DEVELOPMENT,Organización VIII para alivio y desarrollo médico.
Oxfam Internation Organization,Organisation internationale d'Oxfam,منظمة دوران أوكسفام,Oxfam International Organization,Organización Internacional de Oxfam
United Nations Mine Action Service,Service d'action minière des Nations Unies,خدمة مكافحة الألغام التابعة للأمم المتحدة,United Nations Mine Action Service,Servicio de acción de las minas de las Naciones Unidas
Solidarités Internatinal,Solidarités internationales,solidarités Internatinal.,Internatial solidarity,Solidaridad Internacional
Norwegian Church Aid,Aide norvégienne de l'église,المساعدات الكنيسة النرويجية,Norwegian Church Aid,Ayuda de la iglesia noruega
Cooperative for Assistance and Relief Everywhere,Coopérative pour l'assistance et le soulagement partout,التعاونية للحصول على المساعدة والإغاثة في كل مكان,COOPERATIVE FOR ASSISTANCE AND RELIEF EVERYWHERE,Cooperativa para asistencia y alivio en todas partes.
World Vision International,World Vision International,الرؤية العالمية الدولية,WORLD VISION INTERNATIONAL,World Vision International
Access Aid Foundation,Fondation d'aide à accès,وصول مؤسسة المعونة,Access Aid Foundation,Fundación Ayuda de Acceso
United Nations Population Fund,Fonds de la population des Nations Unies,صندوق الأمم المتحدة للسكان,United Nations Population Fund,Fondo de Población de las Naciones Unidas
Qatar Red Crescent,Croissant-Rouge Qatar,الهلال الأحمر القطر,Qatar Red Crescent,Qatar Red Crescent
United Nations HABITAT,Habitat des Nations Unies,موطن الأمم المتحدة,United Nations Habitat,Hábitat de las Naciones Unidas
Kurdistan Save the Children,Kurdistan sauver les enfants,كردستان تنقذ الأطفال,Kurdistan Save the Children,Kurdistán salva a los niños
Amalna Foundation for Community Building,Fondation Amalna pour le bâtiment communautaire,مؤسسة أمالنا لبناء المجتمع,Amalna Foundation for Community Building,Fundación Amalna para el edificio comunitario.
Mercy Hands,Mercy mains,الرحمة اليدين,MERCY HANDS,Manos de misericordia
Caritas Iraq Organization,Caritas Irak Organisation,منظمة كاريتاس للعراق,Caritas Iraq Organization,Organización CARITAS IRAK
Sahara for Economic and Development Organization,Sahara pour l'organisation économique et développement,الصحراء للمنظمة الاقتصادية والتنمية,Sahara for Economic and Development Organization,Sáhara para la organización económica y de desarrollo.
Agency for Technical Cooperation and Development,Agence de coopération technique et de développement,وكالة للتعاون التقني والتنمية,Agency for Technical Cooperation and Development,Agencia de Cooperación Técnica y Desarrollo.
Samaritan Purse,Sac à main Samaritain,محفظة السامرية,Samaritan Purse,Bolso samaritano
Blumont  Organization,Organisation blumont,منظمة بلومونت,Blumont Organization,Organización BluMont
Secours Islamique Français,Secours Islamique Français,Secours إسلامي فرانسيس,French Islamic Rescue,Rescate islámico francés
Judy Organization for Relief and Development,Judy Organisation de secours et de développement,منظمة جودي للإغاثة والتنمية,JUDY ORGANIZATION FOR RELIEF AND DEVELOPMENT,Organización Judy para el Alivio y Desarrollo.
Swiss Foundation for Mine Action,Fondation suisse pour l'action des mines,المؤسسة السويسرية لإجراءات الألغام,SWISS FOUNDATION FOR MINE ACTION,Fundación suiza para la acción de la mina.
Point Organization,Organisation du point,تنظيم نقطة,Organization Point,Punto de organización
"Rehabilitation, Education and Community Health","Réhabilitation, éducation et santé communautaire",إعادة التأهيل والتعليم وصحة المجتمع,"REHABILITATION, EDUCATION AND COMMUNITY HEALTH","Rehabilitación, educación y salud comunitaria."
Lutherian World Federation,Fédération mondiale luthérienne,الاتحاد العالمي اللوديريان,LUTHERIAN WORLD FEDERATION,Federación Mundial Luterica
Sama Al Iraq for Relief and Development,Sama Al Irak pour le soulagement et le développement,سما العراق للإغاثة والتنمية,Sama Al Iraq for Relief and Development,Sama Al Irak para alivio y desarrollo
ZOA International,ZOA International,زوا الدولية,ZOA INTERNATIONAL,ZOA INTERNATIONAL
Near East Foundation,Près de la Fondation EST,مؤسسة الشرق القريبة,Near East Foundation,Cerca de la Fundación East
Triangle GH,Triangle GH,مثلث gh.,Triangle GH,Triangle GH
Directorate of Labour & Social Affairs - Sulaymaniyah,Direction du travail et des affaires sociales - Sulaymaniyah,مديرية العمل والشؤون الاجتماعية - السليمانية,Directorate of Labor & Social Affairs - Sulaymaniyah,Dirección de Trabajo y Asuntos Sociales - Sulaymaniyah
Directorate of Health - Duhok,Direction de la santé - Duhok,مديرية الصحة - دهوك,Directorate of Health - Duhok,Dirección de Salud - Duhok
cooperazione e sviluppo,cooperazione e sviluppo,Cooperazione e sviluppo.,COOPERAZIONE E SVILUPO,Cooperazione e svilupo
General Directorate of Labour & Social Affairs - Erbil,Direction générale du travail et des affaires sociales - Erbil,المديرية العامة للعمل والشؤون الاجتماعية - أربيل,General Directorate of Labor & Social Affairs - Erbil,Dirección General del Trabajo y Asuntos Sociales - Erbil
Iraqi Al-amal Association,Association Al-Amal irakienne,جمعية الامل العراقية,Iraqi Al-Amal Association,Asociación iraquí de al-Amal
Cooperazione Internazionale,Coopérazione internazionaleale,cooperazione internazionale.,Internazionale Cooperazione,Internazionale cooperazione
Action Contre La Faim,Action contre la préfare,العمل كونت لا فييم,Action against Hunger,Acción contra el hambre
German Red Cross,Croix-Rouge allemande,الصليب الأحمر الألماني,German Red Cross,Cruz Roja Alemana
Justice Center Iraq,Centre de justice Irak,مركز العدالة العراق,Justice Center Iraq,Centro de justicia Irak
Sorouh for Sustainable Development Foundation,Sorouh pour la fondation du développement durable,صروح مؤسسة التنمية المستدامة,SOROUH FOR SUSTAINABLE DEVELOPMENT FOUNDATION,Sorouh para la Fundación de Desarrollo Sostenible
The Lotus Flower,La fleur de lotus,زهرة اللوتس,The Lotus Flower,La flor de loto
Caritas Czech Republic Organization,Organisation République tchèque Caritas,جمهورية كاريتاس جمهورية التشيك,CARITAS CZECH REPUBLIC ORGANIZATION,Organización de la República Checa de Caritas
UM Al-Yateem for Development Foundation,Um al-yateem pour la fondation de développement,مؤسسة ام التسيم للتنمية,UM al-Yateem for Development Foundation,Um al-Yateem para la Fundación de Desarrollo
Foundation of United for Relief and Sustainable Development,Fondation de United pour le soulagement et le développement durable,مؤسسة المتحدة للإغاثة والتنمية المستدامة,Foundation of United For Relief and Sustainable Development,Fundación de United for Relief y desarrollo sostenible.
Human Relief Foundation,Fondation humaine,مؤسسة الإغاثة البشرية,HUMAN RELIEF FOUNDATION,Fundación de alivio humano
Al-Aghsan Foundation,Fondation Al-Aghsan,مؤسسة آغسان,AL-AGHSAN FOUNDATION,Fundación Al-Aghsan
DanChurch Aid Organization,Organisation d'aide à Danchurch,منظمة مساعدة Danchurch,DANCHURCH AID ORGANIZATION,Organización de Ayuda de Danchurch
Arbeiter Samariter Bund,Arbeiter Samariter Bund,Arbeiter Samariter Bund.,Arbeiter Samariter Bund,Arbeiter Samariter Bund
Better World Organization,Meilleure organisation mondiale,منظمة عالمية أفضل,BETTER WORLD ORGANIZATION,Mejor organización mundial
Al-Tahreer Association for Development,Association Al-Tahreer pour le développement,جمعية الطاهري للتنمية,Al-Tahree Association for Development,Asociación de Al-Tahree para el desarrollo.
Human Appeal,Attrait humain,استئناف بشري,Human appeal,Atractivo humano
Hungarian Interchurch Aid,Aide d'interlurgie hongroise,المساعدات الهنغارية Interchurch,HUNGARIAN INTERCHURCH AID,Hungría Interchurch Ayuda
Ninewa Social Protection Department,Ministère de la protection sociale Ninewa,قسم الحماية الاجتماعية نينوى,Ninewa Social Protection Department,Departamento de Protección Social de Ninewa
Preemptive Love Coalition,Coalition d'amour préventive,تحالف الحب الوقائي,Preemptive Love Coalition,Coalición de amor preventiva
Dijla Agricultural Association,Association agricole de Dijla,جمعية ديجلاء الزراعية,Dijla Agricultural Association,Asociación Agrícola de DIJLA
Médecins du Monde,Médecins du Monde,médecins du monde.,Doctors of the World,Médicos del mundo
Aid Gate Organization,Organisation des portes d'aide,بوابة المساعدات,AID GATE ORGANIZATION,Organización de la puerta de ayuda
Hilfswerk der Evangelischen Kirchen Schweiz,Hilfswerk der Evangelischen Kirchen Schweiz,Hilfswerk der Evangelischen Kirchen Schweiz,Hilfswerk der Evangelischen Kirchen Schweiz,Hilfswerk der Evangelischen Kirchen Schweiz
International Medical Corps,Corps médical international,فيلق الطبي الدولي,International Medical Body,Cuerpo médico internacional
International Organization of Migration,Organisation internationale de la migration,التنظيم الدولي للهجرة,International Organization of Migration,Organización internacional de migración.
International Rescue Committee,Comité international de secours,لجنة الإنقاذ الدولية,International Rescue Committee,Comité Internacional de Rescate
International Organization of Migration,Organisation internationale de la migration,التنظيم الدولي للهجرة,International Organization of Migration,Organización internacional de migración.
Sabea Sanabul Organization for Relief and Development,Organisation Sabea Sanabul pour le soulagement et le développement,شركة Sabea Sanabul للإغاثة والتنمية,SABEA SANABUL ORGANIZATION FOR RELIEF AND DEVELOPMENT,Organización Sabea Sanabul para alivio y desarrollo.
Sabea Sanabul Organization for Relief and Development,Organisation Sabea Sanabul pour le soulagement et le développement,شركة Sabea Sanabul للإغاثة والتنمية,SABEA SANABUL ORGANIZATION FOR RELIEF AND DEVELOPMENT,Organización Sabea Sanabul para alivio y desarrollo.
Mercy Corps,Mercy Corps,زلق لحاء الدردار,Mercy body,Cuerpo de misericordia
Danish Refugee Council,Conseil de réfugié danois,مجلس اللاجئين الدانمركي,Danish refugee council,Consejo Danés de Refugiados
Mercy Corps,Mercy Corps,زلق لحاء الدردار,Mercy body,Cuerpo de misericordia
United Nations High Commisioner for Refugees,GRAND COMMISSION DES NATIONS UNIES POUR LES REFUGES,الأمم المتحدة العليا للاجئين,United Nations High commissioner for Refugees,Alto Comisionado de las Naciones Unidas para los Refugiados
The United Iraqi Medical Society,La Société médicale irakienne unie,الجمعية الطبية العراقية المتحدة,THE UNITED IRAQI MEDICAL SOCIETY,La sociedad médica iraquí unida
DARY Organization,Organisation duarie,تنظيم دااري,Dary Organization,Organización Dary
Danish Refugee Council,Conseil de réfugié danois,مجلس اللاجئين الدانمركي,Danish refugee council,Consejo Danés de Refugiados
Mercy Corps,Mercy Corps,زلق لحاء الدردار,Mercy body,Cuerpo de misericordia
Tajdid Organization,Organisation Tajdid,تنظيم طاجيد,Tajdid Organization,Organización Tajdid
DARY Organization,Organisation duarie,تنظيم دااري,Dary Organization,Organización Dary
Première Urgence Internationale,Première Urgence Internationale,Première urgence internationale.,First international emergency,Primera emergencia internacional
HALO Trust,Halo Trust,هالة الثقة,Halo Trust,Halo confianza
Caritas Iraq Organization,Caritas Irak Organisation,منظمة كاريتاس للعراق,Caritas Iraq Organization,Organización CARITAS IRAK
Baghdad Organization Mines,BAGDAD ORGANISATION MINES,منظمة بغداد المناجم,Baghdad Organization Mines,Bagdad organización minas
Terre Des Hommes - Lausanne,Terre des Hommes - Lausanne,Terre des Hommes - Lausanne,Terre des Men - Lausanne,Terre des Men - Lausanne
Baghdad Organization Mines,BAGDAD ORGANISATION MINES,منظمة بغداد المناجم,Baghdad Organization Mines,Bagdad organización minas
Première Urgence Internationale,Première Urgence Internationale,Première urgence internationale.,First international emergency,Primera emergencia internacional
International Rescue Committee,Comité international de secours,لجنة الإنقاذ الدولية,International Rescue Committee,Comité Internacional de Rescate
Norwegian People's Aid,Aide du peuple norvégien,مساعدات الشعب النرويجي,Norwegian People's Aid,Ayuda de los pueblos noruegos
United Nations Children's Funds,Fonds des Nations Unies pour enfants,أموال أطفال الأمم المتحدة,United Nations Children's Funds,Fondos de los niños de las Naciones Unidas
Al-Meameen Humanitarian Association,Association humanitaire Al-Meameen,جمعية المعممين الإنسانية,Al-Meameen Humanitarian Association,Asociación Humanitaria al-Meameen
Al-Taqwa Association for Woman & Child Rights,Association Al-Taqwa pour les droits de la femme et de l'enfant,جمعية التقوى لحقوق المرأة وحقوق الطفل,Al-Taqwa Association for Woman & Child Rights,Asociación de Mujeres de Al-Taqwa para Mujer y Derechos del Niño
Al-Taqwa Association for Woman & Child Rights,Association Al-Taqwa pour les droits de la femme et de l'enfant,جمعية التقوى لحقوق المرأة وحقوق الطفل,Al-Taqwa Association for Woman & Child Rights,Asociación de Mujeres de Al-Taqwa para Mujer y Derechos del Niño
Al-Meameen Humanitarian Association,Association humanitaire Al-Meameen,جمعية المعممين الإنسانية,Al-Meameen Humanitarian Association,Asociación Humanitaria al-Meameen
Legal Clinic Network,Réseau de la clinique juridique,شبكة العيادة القانونية,Legal Clinic Network,Red de Clínicas Legales
Legal Clinic Network,Réseau de la clinique juridique,شبكة العيادة القانونية,Legal Clinic Network,Red de Clínicas Legales
UM Al-Yateem for Development Foundation,Um al-yateem pour la fondation de développement,مؤسسة ام التسيم للتنمية,UM al-Yateem for Development Foundation,Um al-Yateem para la Fundación de Desarrollo
World Vision International,World Vision International,الرؤية العالمية الدولية,WORLD VISION INTERNATIONAL,World Vision International
Joint Crisis Coordination - Sulaimaniyah,Coordination des crises conjointes - Sulaimaniyah,تنسيق الأزمات المشتركة - السليمانية,Crisis Joint Coordination - Sulaimaniyah,Coordinación conjunta de crisis - Sulaimaniyah
Directorate of Labour & Social Affairs - Sulaymaniyah,Direction du travail et des affaires sociales - Sulaymaniyah,مديرية العمل والشؤون الاجتماعية - السليمانية,Directorate of Labor & Social Affairs - Sulaymaniyah,Dirección de Trabajo y Asuntos Sociales - Sulaymaniyah
United Nations High Commisioner for Refugees,GRAND COMMISSION DES NATIONS UNIES POUR LES REFUGES,الأمم المتحدة العليا للاجئين,United Nations High commissioner for Refugees,Alto Comisionado de las Naciones Unidas para los Refugiados
Joint Crisis Coordination - Sulaimaniyah,Coordination des crises conjointes - Sulaimaniyah,تنسيق الأزمات المشتركة - السليمانية,Crisis Joint Coordination - Sulaimaniyah,Coordinación conjunta de crisis - Sulaimaniyah
Directorate of Labour & Social Affairs - Sulaymaniyah,Direction du travail et des affaires sociales - Sulaymaniyah,مديرية العمل والشؤون الاجتماعية - السليمانية,Directorate of Labor & Social Affairs - Sulaymaniyah,Dirección de Trabajo y Asuntos Sociales - Sulaymaniyah
"Rehabilitation, Education and Community Health","Réhabilitation, éducation et santé communautaire",إعادة التأهيل والتعليم وصحة المجتمع,"REHABILITATION, EDUCATION AND COMMUNITY HEALTH","Rehabilitación, educación y salud comunitaria."
Emergency Organization,Organisation d'urgence,منظمة الطوارئ,EMERGENCY ORGANIZATION,Organización de emergencia
Directorate of Labour & Social Affairs - Sulaymaniyah,Direction du travail et des affaires sociales - Sulaymaniyah,مديرية العمل والشؤون الاجتماعية - السليمانية,Directorate of Labor & Social Affairs - Sulaymaniyah,Dirección de Trabajo y Asuntos Sociales - Sulaymaniyah
Kurdistan Save the Children,Kurdistan sauver les enfants,كردستان تنقذ الأطفال,Kurdistan Save the Children,Kurdistán salva a los niños
Social Transformation and Educational Prosperity,Transformation sociale et prospérité éducative,التحول الاجتماعي والازدهار التعليمي,Social Transformation and Educational Prosperity,Transformación social y prosperidad educativa.
"Rehabilitation, Education and Community Health","Réhabilitation, éducation et santé communautaire",إعادة التأهيل والتعليم وصحة المجتمع,"REHABILITATION, EDUCATION AND COMMUNITY HEALTH","Rehabilitación, educación y salud comunitaria."
Directorate of Labour & Social Affairs - Garmyan,Direction du travail et des affaires sociales - Garmyan,مديرية العمل والشؤون الاجتماعية - Garmyan,Directorate of Labor & Social Affairs - Garmyan,Dirección de Trabajo y Asuntos Sociales - Garmyan
United Nations High Commisioner for Refugees,GRAND COMMISSION DES NATIONS UNIES POUR LES REFUGES,الأمم المتحدة العليا للاجئين,United Nations High commissioner for Refugees,Alto Comisionado de las Naciones Unidas para los Refugiados
Directorate of Outskirts Waters - Garmyan,Direction des eaux de périphérie - Garmyan,مديرية مشارف المياه - Garmyan,Directorate of Outskirts Waters - Garmyan,Dirección de Aguas Outskirts - Garmyan
United Nations Children's Funds,Fonds des Nations Unies pour enfants,أموال أطفال الأمم المتحدة,United Nations Children's Funds,Fondos de los niños de las Naciones Unidas
Islamic Relief Worldwide,Soulagement islamique dans le monde entier,الإغاثة الإسلامية في جميع أنحاء العالم,ISLAMIC RELIEF WORLDWIDE,Alivio islámico en todo el mundo
Blumont  Organization,Organisation blumont,منظمة بلومونت,Blumont Organization,Organización BluMont
Blumont  Organization,Organisation blumont,منظمة بلومونت,Blumont Organization,Organización BluMont
International Medical Corps,Corps médical international,فيلق الطبي الدولي,International Medical Body,Cuerpo médico internacional
The Swedish Development Aid organization,L'organisation suédoise d'aide au développement,منظمة مساعدات التنمية السويدية,The Swedish Development Aid Organization,La Organización de Ayudas de Desarrollo Suecia
Tajdid Organization,Organisation Tajdid,تنظيم طاجيد,Tajdid Organization,Organización Tajdid
Ministry of Displacement and Migration,Ministère des déplacements et de la migration,وزارة النزوح والهجرة,Ministry of Displacement and Migration,Ministerio de desplazamiento y migración.
Save the Children International,Sauvez les enfants internationaux,انقاذ الأطفال الدولية,Save the Children International,Salvar a los niños internacionales
Handicap International,Handicap International,عائق الدولية,Disability,Invalidez
"Rehabilitation, Education and Community Health","Réhabilitation, éducation et santé communautaire",إعادة التأهيل والتعليم وصحة المجتمع,"REHABILITATION, EDUCATION AND COMMUNITY HEALTH","Rehabilitación, educación y salud comunitaria."
Arche Nova Organization,Arche Nova Organisation,Arche Nova Organization,Arche Nova Organization,Organización Arche Nova
United Nations Children's Funds,Fonds des Nations Unies pour enfants,أموال أطفال الأمم المتحدة,United Nations Children's Funds,Fondos de los niños de las Naciones Unidas
Joint Crisis Coordination - Sulaimaniyah,Coordination des crises conjointes - Sulaimaniyah,تنسيق الأزمات المشتركة - السليمانية,Crisis Joint Coordination - Sulaimaniyah,Coordinación conjunta de crisis - Sulaimaniyah
Directorate of Labour & Social Affairs - Garmyan,Direction du travail et des affaires sociales - Garmyan,مديرية العمل والشؤون الاجتماعية - Garmyan,Directorate of Labor & Social Affairs - Garmyan,Dirección de Trabajo y Asuntos Sociales - Garmyan
Directorate of Labour & Social Affairs - Garmyan,Direction du travail et des affaires sociales - Garmyan,مديرية العمل والشؤون الاجتماعية - Garmyan,Directorate of Labor & Social Affairs - Garmyan,Dirección de Trabajo y Asuntos Sociales - Garmyan
Step-In Project for Iraq In Need,Projet interne pour l'Irak dans le besoin,مشروع خطوة للعراق في حاجة,STEP-IN PROJECT FOR IRAQ IN NEED,Proyecto de paso para Irak en necesidad
Voice of Older People,Voix des personnes âgées,صوت كبار السن,Voice of Older People,Voz de personas mayores
Board of Relief and Humanitarian Affairs,Conseil de secours et affaires humanitaires,مجلس الشؤون الإنسانية,Board of Relief and Humanitarian Affairs,Junta de alivio y asuntos humanitarios.
Lutherian World Federation,Fédération mondiale luthérienne,الاتحاد العالمي اللوديريان,LUTHERIAN WORLD FEDERATION,Federación Mundial Luterica
Department of Violence Against Women Govnmt,Département de la violence contre les femmes govnmt,قسم العنف ضد المرأة Govnmt,Department of Violence Against Women Govnmt,Departamento de Violencia contra Mujeres Govnmt
Harikar Organization,Organisation Harikar,منظمة هاريكار,Harikar Organization,Organización de Harikar
Board of Relief and Humanitarian Affairs,Conseil de secours et affaires humanitaires,مجلس الشؤون الإنسانية,Board of Relief and Humanitarian Affairs,Junta de alivio y asuntos humanitarios.
Elisecare,Élisse,elisecare.,ELISECARE,Elisecare
Medair International Humanitarian Aid Organization,Organisation internationale de l'aide humanitaire de Medair International,منظمة مساعدات المساعدات الإنسانية الدولية,MEDAIR INTERNATIONAL HUMANITARIAN AID ORGANIZATION,Organización internacional de ayuda humanitaria de MedAIR
Board of Relief and Humanitarian Affairs,Conseil de secours et affaires humanitaires,مجلس الشؤون الإنسانية,Board of Relief and Humanitarian Affairs,Junta de alivio y asuntos humanitarios.
Joint Development Associates International,Développement conjoint Associates International,شركاء التنمية المشتركة الدولية,Joint Development Associates International,ASOCIOS ASOCIOS INTERNACIONALES INTERNACIONALES
Baghdad Women Association,Association des femmes Bagdad,جمعية نساء بغداد,Baghdad Women Association,Asociación de Mujeres de Bagdad
Heevie Kurdistan Development Organization,Heevie Kurdistan Organisation de développement,هيسي كردستان للتنمية,Heevie Kurdistan Development Organization,Organización de Desarrollo de Heevie Kurdistan
French Red Cross,Croix-Rouge française,الفرنسية الصليب الأحمر,FRENCH RED CROSS,Cruz Roja Francesa
War Child - UK,Guerre enfant - Royaume-Uni,حرب الطفل - المملكة المتحدة,War Child - UK,Niño de la guerra - Reino Unido
Jesuit Refugee Service,Service de réfugié jésuite,خدمة اللاجئين اليسوعية,Jesuit Refugee Service,Servicio Jesuita de Refugiados
Better World Organization,Meilleure organisation mondiale,منظمة عالمية أفضل,BETTER WORLD ORGANIZATION,Mejor organización mundial
Peace Winds Japan,Peace Winds Japon,رياح السلام اليابان,PEACE WINDS JAPAN,Viernos de paz Japón
Dorcas Aid International,Dorcas Aid International,دوركاس المعونة الدولية,DORCAS AID INTERNATIONAL,Dorcas Aid International
Medair International Humanitarian Aid Organization,Organisation internationale de l'aide humanitaire de Medair International,منظمة مساعدات المساعدات الإنسانية الدولية,MEDAIR INTERNATIONAL HUMANITARIAN AID ORGANIZATION,Organización internacional de ayuda humanitaria de MedAIR
Shingal Organization for Social Development,Organisation blingale pour le développement social,منظمة الشقال للتنمية الاجتماعية,SHINGAL ORGANIZATION FOR SOCIAL DEVELOPMENT,Organización de Shingal para el desarrollo social.
Harikar Organization,Organisation Harikar,منظمة هاريكار,Harikar Organization,Organización de Harikar
French Red Cross,Croix-Rouge française,الفرنسية الصليب الأحمر,FRENCH RED CROSS,Cruz Roja Francesa
Intersos Organization,Organisation interne,منظمة Intersos,INTERSOS ORGANIZATION,Organización de Intersos
Public Aid Organization,Organisation d'aide publique,منظمة المساعدات العامة,Public Aid Organization,Organización de ayuda pública
Barzani Charity Foundation,Barzani Foundation Charity,مؤسسة بارزاني الخيرية,Barzani Charity Foundation,Fundación Barzani Charity
The Swedish Development Aid organization,L'organisation suédoise d'aide au développement,منظمة مساعدات التنمية السويدية,The Swedish Development Aid Organization,La Organización de Ayudas de Desarrollo Suecia
Joint Crisis Coordination - Erbil,Coordination des crises conjointes - Erbil,تنسيق الأزمة المشتركة - أربيل,Crisis Joint Coordination - Erbil,COORDINACIÓN CONJUNTA DE CRISIS - ERBIL
Terre Des Hommes - Italia,Terre des Hommes - Italia,Terre des Hommes - Italia,Terre des Men - Italia,Terre des Men - Italia
Al-Masala Organization,Organisation Al-Masala,منظمة المسالا,AL-MASALA ORGANIZATION,Organización Al-Masala
Barzani Charity Foundation,Barzani Foundation Charity,مؤسسة بارزاني الخيرية,Barzani Charity Foundation,Fundación Barzani Charity
Green Desert for Mental Health and Education,Désert verdoyant pour la santé mentale et l'éducation,الصحراء الخضراء للصحة العقلية والتعليم,Green Desert for Mental Health and Education,Desierto verde para la salud mental y la educación.
Green Desert for Mental Health and Education,Désert verdoyant pour la santé mentale et l'éducation,الصحراء الخضراء للصحة العقلية والتعليم,Green Desert for Mental Health and Education,Desierto verde para la salud mental y la educación.
Terre Des Hommes - Italia,Terre des Hommes - Italia,Terre des Hommes - Italia,Terre des Men - Italia,Terre des Men - Italia
International Medical Corps,Corps médical international,فيلق الطبي الدولي,International Medical Body,Cuerpo médico internacional
Women Rehabilitation Organization,Organisation de réadaptation des femmes,منظمة إعادة تأهيل النساء,WOMEN REHABILITATION ORGANIZATION,Organización de la rehabilitación de las mujeres
Heevie Kurdistan Development Organization,Heevie Kurdistan Organisation de développement,هيسي كردستان للتنمية,Heevie Kurdistan Development Organization,Organización de Desarrollo de Heevie Kurdistan
Joint Crisis Coordination - Erbil,Coordination des crises conjointes - Erbil,تنسيق الأزمة المشتركة - أربيل,Crisis Joint Coordination - Erbil,COORDINACIÓN CONJUNTA DE CRISIS - ERBIL
The Swedish Development Aid organization,L'organisation suédoise d'aide au développement,منظمة مساعدات التنمية السويدية,The Swedish Development Aid Organization,La Organización de Ayudas de Desarrollo Suecia
Ministry of Displacement and Migration,Ministère des déplacements et de la migration,وزارة النزوح والهجرة,Ministry of Displacement and Migration,Ministerio de desplazamiento y migración.
Save the Children International,Sauvez les enfants internationaux,انقاذ الأطفال الدولية,Save the Children International,Salvar a los niños internacionales
Heartland Alliance International,Heartland Alliance International,قلب التحالف الدولي,Heartland Alliance International,Heartland Alliance International
Iraq Health Access Organization,Oraq Health Access Organization,منظمة الوصول الصحية في العراق,Iraq Health Access Organization,Organización de acceso a la salud de Irak
IRAQ Health Social Care Organization,Oraq Health Soins sociaux Organisation,منظمة الرعاية الاجتماعية للصحة العراقية,Iraq Health Social Care Organization,Organización de Atención Social de Salud de Irak
Iraq Health Access Organization,Oraq Health Access Organization,منظمة الوصول الصحية في العراق,Iraq Health Access Organization,Organización de acceso a la salud de Irak
Foundation of United for Relief and Sustainable Development,Fondation de United pour le soulagement et le développement durable,مؤسسة المتحدة للإغاثة والتنمية المستدامة,Foundation of United For Relief and Sustainable Development,Fundación de United for Relief y desarrollo sostenible.
IRAQ Health Social Care Organization,Oraq Health Soins sociaux Organisation,منظمة الرعاية الاجتماعية للصحة العراقية,Iraq Health Social Care Organization,Organización de Atención Social de Salud de Irak
Iraqi Al-amal Association,Association Al-Amal irakienne,جمعية الامل العراقية,Iraqi Al-Amal Association,Asociación iraquí de al-Amal
United Nations Entity for Gender Equality and the Empowerment of Women,Entité des Nations Unies pour l'égalité des sexes et l'autonomisation des femmes,كيان الأمم المتحدة للمساواة بين الجنسين وتمكين المرأة,United Nations Entity for Gender Equality and The Empowerment of Women,Entidad de las Naciones Unidas para la igualdad de género y el empoderamiento de las mujeres.
Islamic Relief Worldwide,Soulagement islamique dans le monde entier,الإغاثة الإسلامية في جميع أنحاء العالم,ISLAMIC RELIEF WORLDWIDE,Alivio islámico en todo el mundo
United Nations Entity for Gender Equality and the Empowerment of Women,Entité des Nations Unies pour l'égalité des sexes et l'autonomisation des femmes,كيان الأمم المتحدة للمساواة بين الجنسين وتمكين المرأة,United Nations Entity for Gender Equality and The Empowerment of Women,Entidad de las Naciones Unidas para la igualdad de género y el empoderamiento de las mujeres.
Intersos Organization,Organisation interne,منظمة Intersos,INTERSOS ORGANIZATION,Organización de Intersos
DARY Organization,Organisation duarie,تنظيم دااري,Dary Organization,Organización Dary
Baghdad Women Association,Association des femmes Bagdad,جمعية نساء بغداد,Baghdad Women Association,Asociación de Mujeres de Bagdad
Catholic Relief Service,Service de secours catholique,خدمة الإغاثة الكاثوليكية,Catholic relief service,Servicio de alivio católico
Vena Zaroka Organization ,Organisation Vena Zaroka,منظمة فينا زاروكا,VENA ZAROKA ORGANIZATION,Organización Vena Zaroka
Pekawa Organization,Organisation de Pekawa,منظمة بيكنا,PEKAWA ORGANIZATION,Organización Pekawa
Vena Zaroka Organization ,Organisation Vena Zaroka,منظمة فينا زاروكا,VENA ZAROKA ORGANIZATION,Organización Vena Zaroka
Un Ponte Per,Un ponte par,بونتي الأمم المتحدة PER.,A laying per,Una colocación por
Iraq Reconstruction Program,Programme de reconstruction irak,برنامج إعادة إعمار العراق,Iraq Reconstruction Program,Programa de reconstrucción de Irak
DanChurch Aid Organization,Organisation d'aide à Danchurch,منظمة مساعدة Danchurch,DANCHURCH AID ORGANIZATION,Organización de Ayuda de Danchurch
ZOA International,ZOA International,زوا الدولية,ZOA INTERNATIONAL,ZOA INTERNATIONAL
Al-Ghad for Women & Child Care,Al-Ghad pour les femmes et les garderies,الغد للرعاية النسائية والأطفال,AL-GHAD FOR WOMEN & CHILD CARE,Al-Ghad para mujeres y cuidado infantil
Un Ponte Per,Un ponte par,بونتي الأمم المتحدة PER.,A laying per,Una colocación por
Human Appeal,Attrait humain,استئناف بشري,Human appeal,Atractivo humano
People In Need,Personnes dans le besoin,الناس في حاجة,People in Need,Las personas necesitadas
Jiyan Foundation,Jiyan Foundation,مؤسسة جيان,Jiyan Foundation,Fundación Jiyan
Solidarités Internatinal,Solidarités internationales,solidarités Internatinal.,Internatial solidarity,Solidaridad Internacional
Green Desert for Mental Health and Education,Désert verdoyant pour la santé mentale et l'éducation,الصحراء الخضراء للصحة العقلية والتعليم,Green Desert for Mental Health and Education,Desierto verde para la salud mental y la educación.
Representative of Nineveh Voluntary for IDPs,Représentant de neufveh volontaire pour les personnes déplacées,ممثل نينوى الطوعية للنازحين,Representative of Nineveh Voluntary for Idps,Representante de Nínive Voluntario para IDP.
Doctors Aid Medical Activities,Les médecins aident les activités médicales,الأطباء الأنشطة الطبية,Doctors Aid Medical Activities,Los médicos ayudan a las actividades médicas.
Norweigan Refugee Council,Conseil de réfugié Norweigan,مجلس اللاجئين نورويغان,Norweigan Refugee Council,Consejo de Refugiados de Norweigan
Heartland Alliance International,Heartland Alliance International,قلب التحالف الدولي,Heartland Alliance International,Heartland Alliance International
Handicap International,Handicap International,عائق الدولية,Disability,Invalidez
Tutapona Organization,Organisation tutapona,تنظيم Tutapona,Tutapona Organization,Organización de Tutapona
Voice of Older People,Voix des personnes âgées,صوت كبار السن,Voice of Older People,Voz de personas mayores
Peace Winds Japan,Peace Winds Japon,رياح السلام اليابان,PEACE WINDS JAPAN,Viernos de paz Japón
Catholic Relief Service,Service de secours catholique,خدمة الإغاثة الكاثوليكية,Catholic relief service,Servicio de alivio católico
Save the Children International,Sauvez les enfants internationaux,انقاذ الأطفال الدولية,Save the Children International,Salvar a los niños internacionales
Global Yazidi Organization,Organisation mondiale de Yazidi,منظمة اليزيدى العالمية,Global Yazidi Organization,Organización Global Yazidi
Sahara for Economic and Development Organization,Sahara pour l'organisation économique et développement,الصحراء للمنظمة الاقتصادية والتنمية,Sahara for Economic and Development Organization,Sáhara para la organización económica y de desarrollo.
Cordaid Organization,Organisation Cordaid,منظمة كورداد,Cordaid Organization,Organización Cordaid
Terre Des Hommes - Lausanne,Terre des Hommes - Lausanne,Terre des Hommes - Lausanne,Terre des Men - Lausanne,Terre des Men - Lausanne
Agency for Technical Cooperation and Development,Agence de coopération technique et de développement,وكالة للتعاون التقني والتنمية,Agency for Technical Cooperation and Development,Agencia de Cooperación Técnica y Desarrollo.
Cooperative for Assistance and Relief Everywhere,Coopérative pour l'assistance et le soulagement partout,التعاونية للحصول على المساعدة والإغاثة في كل مكان,COOPERATIVE FOR ASSISTANCE AND RELIEF EVERYWHERE,Cooperativa para asistencia y alivio en todas partes.
Joint Development Associates International,Développement conjoint Associates International,شركاء التنمية المشتركة الدولية,Joint Development Associates International,ASOCIOS ASOCIOS INTERNACIONALES INTERNACIONALES
Al-Aghsan Foundation,Fondation Al-Aghsan,مؤسسة آغسان,AL-AGHSAN FOUNDATION,Fundación Al-Aghsan
Sorouh for Sustainable Development Foundation,Sorouh pour la fondation du développement durable,صروح مؤسسة التنمية المستدامة,SOROUH FOR SUSTAINABLE DEVELOPMENT FOUNDATION,Sorouh para la Fundación de Desarrollo Sostenible
Oxfam Internation Organization,Organisation internationale d'Oxfam,منظمة دوران أوكسفام,Oxfam International Organization,Organización Internacional de Oxfam
Justice Center Iraq,Centre de justice Irak,مركز العدالة العراق,Justice Center Iraq,Centro de justicia Irak
Al-Tawasul Wa Al-Ekha Human Organization,Al-Tawasul wa al-ekha organisation humaine,منظمة الطواسول والخلخة,Al-Tawasul Wa Al-Ekha Human Organization,Organización humana al-Tawasul WA al-Ekha
Legal Clinic Network,Réseau de la clinique juridique,شبكة العيادة القانونية,Legal Clinic Network,Red de Clínicas Legales
International Organization of Migration,Organisation internationale de la migration,التنظيم الدولي للهجرة,International Organization of Migration,Organización internacional de migración.
Norweigan Refugee Council,Conseil de réfugié Norweigan,مجلس اللاجئين نورويغان,Norweigan Refugee Council,Consejo de Refugiados de Norweigan
Islamic Relief Worldwide,Soulagement islamique dans le monde entier,الإغاثة الإسلامية في جميع أنحاء العالم,ISLAMIC RELIEF WORLDWIDE,Alivio islámico en todo el mundo
Caritas Iraq Organization,Caritas Irak Organisation,منظمة كاريتاس للعراق,Caritas Iraq Organization,Organización CARITAS IRAK
Secours Islamique Français,Secours Islamique Français,Secours إسلامي فرانسيس,French Islamic Rescue,Rescate islámico francés
HALO Trust,Halo Trust,هالة الثقة,Halo Trust,Halo confianza
Relief International,Soulagement International,الإغاثة الدولية,International relief,Alivio internacional
Norwegian People's Aid,Aide du peuple norvégien,مساعدات الشعب النرويجي,Norwegian People's Aid,Ayuda de los pueblos noruegos
Al-Meameen Humanitarian Association,Association humanitaire Al-Meameen,جمعية المعممين الإنسانية,Al-Meameen Humanitarian Association,Asociación Humanitaria al-Meameen
Al-Taqwa Association for Woman & Child Rights,Association Al-Taqwa pour les droits de la femme et de l'enfant,جمعية التقوى لحقوق المرأة وحقوق الطفل,Al-Taqwa Association for Woman & Child Rights,Asociación de Mujeres de Al-Taqwa para Mujer y Derechos del Niño
UM Al-Yateem for Development Foundation,Um al-yateem pour la fondation de développement,مؤسسة ام التسيم للتنمية,UM al-Yateem for Development Foundation,Um al-Yateem para la Fundación de Desarrollo
Social Transformation and Educational Prosperity,Transformation sociale et prospérité éducative,التحول الاجتماعي والازدهار التعليمي,Social Transformation and Educational Prosperity,Transformación social y prosperidad educativa.
Zhian Health Organization,Organisation de la santé zhienne,منظمة الصحة تشيان,Zhian Health Organization,Organización de Salud Zhian
Civil Development Organization,Organisation de développement civil,منظمة التنمية المدنية,Civil Development Organization,Organización de Desarrollo Civil
Department of Violence Against Women Govnmt,Département de la violence contre les femmes govnmt,قسم العنف ضد المرأة Govnmt,Department of Violence Against Women Govnmt,Departamento de Violencia contra Mujeres Govnmt
Joint Crisis Coordination - Sulaimaniyah,Coordination des crises conjointes - Sulaimaniyah,تنسيق الأزمات المشتركة - السليمانية,Crisis Joint Coordination - Sulaimaniyah,Coordinación conjunta de crisis - Sulaimaniyah
Emergency Organization,Organisation d'urgence,منظمة الطوارئ,EMERGENCY ORGANIZATION,Organización de emergencia
Baghdad Women Association,Association des femmes Bagdad,جمعية نساء بغداد,Baghdad Women Association,Asociación de Mujeres de Bagdad
Zhian Health Organization,Organisation de la santé zhienne,منظمة الصحة تشيان,Zhian Health Organization,Organización de Salud Zhian
Arche Nova Organization,Arche Nova Organisation,Arche Nova Organization,Arche Nova Organization,Organización Arche Nova
Directorate of Labour & Social Affairs - Duhok,Direction de la main-d'œuvre et des affaires sociales - Duhok,مديرية العمل والشؤون الاجتماعية - دهوك,Directorate of Labor & Social Affairs - Duhok,Dirección de Trabajo y Asuntos Sociales - Duhok
Lutherian World Federation,Fédération mondiale luthérienne,الاتحاد العالمي اللوديريان,LUTHERIAN WORLD FEDERATION,Federación Mundial Luterica
Board of Relief and Humanitarian Affairs,Conseil de secours et affaires humanitaires,مجلس الشؤون الإنسانية,Board of Relief and Humanitarian Affairs,Junta de alivio y asuntos humanitarios.
Global Yazidi Organization,Organisation mondiale de Yazidi,منظمة اليزيدى العالمية,Global Yazidi Organization,Organización Global Yazidi
Directorate of Labour & Social Affairs - Duhok,Direction de la main-d'œuvre et des affaires sociales - Duhok,مديرية العمل والشؤون الاجتماعية - دهوك,Directorate of Labor & Social Affairs - Duhok,Dirección de Trabajo y Asuntos Sociales - Duhok
Directorate of Labour & Social Affairs - Duhok,Direction de la main-d'œuvre et des affaires sociales - Duhok,مديرية العمل والشؤون الاجتماعية - دهوك,Directorate of Labor & Social Affairs - Duhok,Dirección de Trabajo y Asuntos Sociales - Duhok
Première Urgence Internationale,Première Urgence Internationale,Première urgence internationale.,First international emergency,Primera emergencia internacional
Medair International Humanitarian Aid Organization,Organisation internationale de l'aide humanitaire de Medair International,منظمة مساعدات المساعدات الإنسانية الدولية,MEDAIR INTERNATIONAL HUMANITARIAN AID ORGANIZATION,Organización internacional de ayuda humanitaria de MedAIR
Joint Development Associates International,Développement conjoint Associates International,شركاء التنمية المشتركة الدولية,Joint Development Associates International,ASOCIOS ASOCIOS INTERNACIONALES INTERNACIONALES
Jesuit Refugee Service,Service de réfugié jésuite,خدمة اللاجئين اليسوعية,Jesuit Refugee Service,Servicio Jesuita de Refugiados
Caritas Czech Republic Organization,Organisation République tchèque Caritas,جمهورية كاريتاس جمهورية التشيك,CARITAS CZECH REPUBLIC ORGANIZATION,Organización de la República Checa de Caritas
World Vision International,World Vision International,الرؤية العالمية الدولية,WORLD VISION INTERNATIONAL,World Vision International
War Child - UK,Guerre enfant - Royaume-Uni,حرب الطفل - المملكة المتحدة,War Child - UK,Niño de la guerra - Reino Unido
Caritas Czech Republic Organization,Organisation République tchèque Caritas,جمهورية كاريتاس جمهورية التشيك,CARITAS CZECH REPUBLIC ORGANIZATION,Organización de la República Checa de Caritas
Doctors Aid Medical Activities,Les médecins aident les activités médicales,الأطباء الأنشطة الطبية,Doctors Aid Medical Activities,Los médicos ayudan a las actividades médicas.
Jiyan Foundation,Jiyan Foundation,مؤسسة جيان,Jiyan Foundation,Fundación Jiyan
Dorcas Aid International,Dorcas Aid International,دوركاس المعونة الدولية,DORCAS AID INTERNATIONAL,Dorcas Aid International
Shingal Organization for Social Development,Organisation blingale pour le développement social,منظمة الشقال للتنمية الاجتماعية,SHINGAL ORGANIZATION FOR SOCIAL DEVELOPMENT,Organización de Shingal para el desarrollo social.
Seed Foundation,Fondation de semences,مؤسسة البذور,SEED FOUNDATION,Fundación de semillas
Shingal Organization for Social Development,Organisation blingale pour le développement social,منظمة الشقال للتنمية الاجتماعية,SHINGAL ORGANIZATION FOR SOCIAL DEVELOPMENT,Organización de Shingal para el desarrollo social.
Seed Foundation,Fondation de semences,مؤسسة البذور,SEED FOUNDATION,Fundación de semillas
Caritas Czech Republic Organization,Organisation République tchèque Caritas,جمهورية كاريتاس جمهورية التشيك,CARITAS CZECH REPUBLIC ORGANIZATION,Organización de la República Checa de Caritas
Women Rehabilitation Organization,Organisation de réadaptation des femmes,منظمة إعادة تأهيل النساء,WOMEN REHABILITATION ORGANIZATION,Organización de la rehabilitación de las mujeres
World Vision International,World Vision International,الرؤية العالمية الدولية,WORLD VISION INTERNATIONAL,World Vision International
Zhian Health Organization,Organisation de la santé zhienne,منظمة الصحة تشيان,Zhian Health Organization,Organización de Salud Zhian
General Directorate of Labour & Social Affairs - Erbil,Direction générale du travail et des affaires sociales - Erbil,المديرية العامة للعمل والشؤون الاجتماعية - أربيل,General Directorate of Labor & Social Affairs - Erbil,Dirección General del Trabajo y Asuntos Sociales - Erbil
Terre Des Hommes - Italia,Terre des Hommes - Italia,Terre des Hommes - Italia,Terre des Men - Italia,Terre des Men - Italia
Al-Masala Organization,Organisation Al-Masala,منظمة المسالا,AL-MASALA ORGANIZATION,Organización Al-Masala
General Directorate of Labour & Social Affairs - Erbil,Direction générale du travail et des affaires sociales - Erbil,المديرية العامة للعمل والشؤون الاجتماعية - أربيل,General Directorate of Labor & Social Affairs - Erbil,Dirección General del Trabajo y Asuntos Sociales - Erbil
Joint Crisis Coordination - Erbil,Coordination des crises conjointes - Erbil,تنسيق الأزمة المشتركة - أربيل,Crisis Joint Coordination - Erbil,COORDINACIÓN CONJUNTA DE CRISIS - ERBIL
Step-In Project for Iraq In Need,Projet interne pour l'Irak dans le besoin,مشروع خطوة للعراق في حاجة,STEP-IN PROJECT FOR IRAQ IN NEED,Proyecto de paso para Irak en necesidad
General Directorate of Labour & Social Affairs - Erbil,Direction générale du travail et des affaires sociales - Erbil,المديرية العامة للعمل والشؤون الاجتماعية - أربيل,General Directorate of Labor & Social Affairs - Erbil,Dirección General del Trabajo y Asuntos Sociales - Erbil
Kurdistan Save the Children,Kurdistan sauver les enfants,كردستان تنقذ الأطفال,Kurdistan Save the Children,Kurdistán salva a los niños
Barzani Charity Foundation,Barzani Foundation Charity,مؤسسة بارزاني الخيرية,Barzani Charity Foundation,Fundación Barzani Charity
Swiss Foundation for Mine Action,Fondation suisse pour l'action des mines,المؤسسة السويسرية لإجراءات الألغام,SWISS FOUNDATION FOR MINE ACTION,Fundación suiza para la acción de la mina.
Ninewa Social Protection Department,Ministère de la protection sociale Ninewa,قسم الحماية الاجتماعية نينوى,Ninewa Social Protection Department,Departamento de Protección Social de Ninewa
Swiss Foundation for Mine Action,Fondation suisse pour l'action des mines,المؤسسة السويسرية لإجراءات الألغام,SWISS FOUNDATION FOR MINE ACTION,Fundación suiza para la acción de la mina.
Tearfund Organization,Organisation Tearfund,منظمة المسمعة,Tearfund Organization,Organización de Tearfund
Tearfund Organization,Organisation Tearfund,منظمة المسمعة,Tearfund Organization,Organización de Tearfund
Handicap International,Handicap International,عائق الدولية,Disability,Invalidez
Iraq Health Access Organization,Oraq Health Access Organization,منظمة الوصول الصحية في العراق,Iraq Health Access Organization,Organización de acceso a la salud de Irak
Human Relief Foundation,Fondation humaine,مؤسسة الإغاثة البشرية,HUMAN RELIEF FOUNDATION,Fundación de alivio humano
United Nations Entity for Gender Equality and the Empowerment of Women,Entité des Nations Unies pour l'égalité des sexes et l'autonomisation des femmes,كيان الأمم المتحدة للمساواة بين الجنسين وتمكين المرأة,United Nations Entity for Gender Equality and The Empowerment of Women,Entidad de las Naciones Unidas para la igualdad de género y el empoderamiento de las mujeres.
Human Relief Foundation,Fondation humaine,مؤسسة الإغاثة البشرية,HUMAN RELIEF FOUNDATION,Fundación de alivio humano
Green Desert for Mental Health and Education,Désert verdoyant pour la santé mentale et l'éducation,الصحراء الخضراء للصحة العقلية والتعليم,Green Desert for Mental Health and Education,Desierto verde para la salud mental y la educación.
Foundation of United for Relief and Sustainable Development,Fondation de United pour le soulagement et le développement durable,مؤسسة المتحدة للإغاثة والتنمية المستدامة,Foundation of United For Relief and Sustainable Development,Fundación de United for Relief y desarrollo sostenible.
Samaritan Purse,Sac à main Samaritain,محفظة السامرية,Samaritan Purse,Bolso samaritano
Sama Al Iraq for Relief and Development,Sama Al Irak pour le soulagement et le développement,سما العراق للإغاثة والتنمية,Sama Al Iraq for Relief and Development,Sama Al Irak para alivio y desarrollo
Public Aid Organization,Organisation d'aide publique,منظمة المساعدات العامة,Public Aid Organization,Organización de ayuda pública
Al-Masala Organization,Organisation Al-Masala,منظمة المسالا,AL-MASALA ORGANIZATION,Organización Al-Masala
Triangle GH,Triangle GH,مثلث gh.,Triangle GH,Triangle GH
Vena Zaroka Organization ,Organisation Vena Zaroka,منظمة فينا زاروكا,VENA ZAROKA ORGANIZATION,Organización Vena Zaroka
Swiss Foundation for Mine Action,Fondation suisse pour l'action des mines,المؤسسة السويسرية لإجراءات الألغام,SWISS FOUNDATION FOR MINE ACTION,Fundación suiza para la acción de la mina.
Ninewa Social Protection Department,Ministère de la protection sociale Ninewa,قسم الحماية الاجتماعية نينوى,Ninewa Social Protection Department,Departamento de Protección Social de Ninewa
Ninewa Social Protection Department,Ministère de la protection sociale Ninewa,قسم الحماية الاجتماعية نينوى,Ninewa Social Protection Department,Departamento de Protección Social de Ninewa
DAD for Human Rights & Civil Society Affairs,Papa aux droits de l'homme et aux affaires de la société civile,أبي لحقوق الإنسان وشؤون المجتمع المدني,Dad for Human Rights & Civil Society Affairs,Papá para los derechos humanos y de la sociedad civil.
DAD for Human Rights & Civil Society Affairs,Papa aux droits de l'homme et aux affaires de la société civile,أبي لحقوق الإنسان وشؤون المجتمع المدني,Dad for Human Rights & Civil Society Affairs,Papá para los derechos humanos y de la sociedad civil.
Mercy Hands,Mercy mains,الرحمة اليدين,MERCY HANDS,Manos de misericordia
DAD for Human Rights & Civil Society Affairs,Papa aux droits de l'homme et aux affaires de la société civile,أبي لحقوق الإنسان وشؤون المجتمع المدني,Dad for Human Rights & Civil Society Affairs,Papá para los derechos humanos y de la sociedad civil.
Al-Ghad for Women & Child Care,Al-Ghad pour les femmes et les garderies,الغد للرعاية النسائية والأطفال,AL-GHAD FOR WOMEN & CHILD CARE,Al-Ghad para mujeres y cuidado infantil
People In Need,Personnes dans le besoin,الناس في حاجة,People in Need,Las personas necesitadas
IRAQ Health Social Care Organization,Oraq Health Soins sociaux Organisation,منظمة الرعاية الاجتماعية للصحة العراقية,Iraq Health Social Care Organization,Organización de Atención Social de Salud de Irak
Oxfam Internation Organization,Organisation internationale d'Oxfam,منظمة دوران أوكسفام,Oxfam International Organization,Organización Internacional de Oxfam
Doctors Aid Medical Activities,Les médecins aident les activités médicales,الأطباء الأنشطة الطبية,Doctors Aid Medical Activities,Los médicos ayudan a las actividades médicas.
Representative of Nineveh Voluntary for IDPs,Représentant de neufveh volontaire pour les personnes déplacées,ممثل نينوى الطوعية للنازحين,Representative of Nineveh Voluntary for Idps,Representante de Nínive Voluntario para IDP.
Zakho Small Villages Projects,Zakho petits villages projets,مشاريع قرى زاخو الصغيرة,Zakho Small Villages Projects,Proyectos de pequeños pueblos de Zakho
Zakho Small Villages Projects,Zakho petits villages projets,مشاريع قرى زاخو الصغيرة,Zakho Small Villages Projects,Proyectos de pequeños pueblos de Zakho
Pekawa Organization,Organisation de Pekawa,منظمة بيكنا,PEKAWA ORGANIZATION,Organización Pekawa
Tutapona Organization,Organisation tutapona,تنظيم Tutapona,Tutapona Organization,Organización de Tutapona
Sahara for Economic and Development Organization,Sahara pour l'organisation économique et développement,الصحراء للمنظمة الاقتصادية والتنمية,Sahara for Economic and Development Organization,Sáhara para la organización económica y de desarrollo.
Medair International Humanitarian Aid Organization,Organisation internationale de l'aide humanitaire de Medair International,منظمة مساعدات المساعدات الإنسانية الدولية,MEDAIR INTERNATIONAL HUMANITARIAN AID ORGANIZATION,Organización internacional de ayuda humanitaria de MedAIR
Welt Hunger Hilfe,Welt Hunger Hilfe,فيلت جوع هيلف,Welt Hunger Hilfe,Welt Hunger Hilfe
Mercy Hands,Mercy mains,الرحمة اليدين,MERCY HANDS,Manos de misericordia
Public Aid Organization,Organisation d'aide publique,منظمة المساعدات العامة,Public Aid Organization,Organización de ayuda pública
Agency for Technical Cooperation and Development,Agence de coopération technique et de développement,وكالة للتعاون التقني والتنمية,Agency for Technical Cooperation and Development,Agencia de Cooperación Técnica y Desarrollo.
Catholic Relief Service,Service de secours catholique,خدمة الإغاثة الكاثوليكية,Catholic relief service,Servicio de alivio católico
Intersos Organization,Organisation interne,منظمة Intersos,INTERSOS ORGANIZATION,Organización de Intersos
Cooperative for Assistance and Relief Everywhere,Coopérative pour l'assistance et le soulagement partout,التعاونية للحصول على المساعدة والإغاثة في كل مكان,COOPERATIVE FOR ASSISTANCE AND RELIEF EVERYWHERE,Cooperativa para asistencia y alivio en todas partes.
Cooperative for Assistance and Relief Everywhere,Coopérative pour l'assistance et le soulagement partout,التعاونية للحصول على المساعدة والإغاثة في كل مكان,COOPERATIVE FOR ASSISTANCE AND RELIEF EVERYWHERE,Cooperativa para asistencia y alivio en todas partes.
Norwegian Church Aid,Aide norvégienne de l'église,المساعدات الكنيسة النرويجية,Norwegian Church Aid,Ayuda de la iglesia noruega
Al-Ghad for Women & Child Care,Al-Ghad pour les femmes et les garderies,الغد للرعاية النسائية والأطفال,AL-GHAD FOR WOMEN & CHILD CARE,Al-Ghad para mujeres y cuidado infantil
Women Rehabilitation Organization,Organisation de réadaptation des femmes,منظمة إعادة تأهيل النساء,WOMEN REHABILITATION ORGANIZATION,Organización de la rehabilitación de las mujeres
Tearfund Organization,Organisation Tearfund,منظمة المسمعة,Tearfund Organization,Organización de Tearfund
Terre Des Hommes - Lausanne,Terre des Hommes - Lausanne,Terre des Hommes - Lausanne,Terre des Men - Lausanne,Terre des Men - Lausanne
Relief International,Soulagement International,الإغاثة الدولية,International relief,Alivio internacional
United Nations HABITAT,Habitat des Nations Unies,موطن الأمم المتحدة,United Nations Habitat,Hábitat de las Naciones Unidas
United Nations HABITAT,Habitat des Nations Unies,موطن الأمم المتحدة,United Nations Habitat,Hábitat de las Naciones Unidas
World Food Programme,Programme alimentaire mondial,برنامج الأغذية العالمي,World Food Program,Programa Mundial de Alimentos
World Food Programme,Programme alimentaire mondial,برنامج الأغذية العالمي,World Food Program,Programa Mundial de Alimentos
International Rescue Committee,Comité international de secours,لجنة الإنقاذ الدولية,International Rescue Committee,Comité Internacional de Rescate
Preemptive Love Coalition,Coalition d'amour préventive,تحالف الحب الوقائي,Preemptive Love Coalition,Coalición de amor preventiva
Department of Violence Against Women Govnmt,Département de la violence contre les femmes govnmt,قسم العنف ضد المرأة Govnmt,Department of Violence Against Women Govnmt,Departamento de Violencia contra Mujeres Govnmt
Directorate of Outskirts Waters - Garmyan,Direction des eaux de périphérie - Garmyan,مديرية مشارف المياه - Garmyan,Directorate of Outskirts Waters - Garmyan,Dirección de Aguas Outskirts - Garmyan
Arche Nova Organization,Arche Nova Organisation,Arche Nova Organization,Arche Nova Organization,Organización Arche Nova
Harikar Organization,Organisation Harikar,منظمة هاريكار,Harikar Organization,Organización de Harikar
Global Yazidi Organization,Organisation mondiale de Yazidi,منظمة اليزيدى العالمية,Global Yazidi Organization,Organización Global Yazidi
Emma Organization,Organisation EMMA,منظمة إيما,Emma Organization,Organización EMMA
Action Contre La Faim,Action contre la préfare,العمل كونت لا فييم,Action against Hunger,Acción contra el hambre
Directorate of Outskirts Waters - Duhok,Direction des eaux de périphérie - Duhok,مديرية مشارف المياه - دهوك,Directorate of Outskirts Waters - Duhok,Dirección de Aguas Outskirts - Duhok
Directorate of Health - Duhok,Direction de la santé - Duhok,مديرية الصحة - دهوك,Directorate of Health - Duhok,Dirección de Salud - Duhok
Elisecare,Élisse,elisecare.,ELISECARE,Elisecare
Directorate of Outskirts Waters - Duhok,Direction des eaux de périphérie - Duhok,مديرية مشارف المياه - دهوك,Directorate of Outskirts Waters - Duhok,Dirección de Aguas Outskirts - Duhok
Jesuit Refugee Service,Service de réfugié jésuite,خدمة اللاجئين اليسوعية,Jesuit Refugee Service,Servicio Jesuita de Refugiados
Heevie Kurdistan Development Organization,Heevie Kurdistan Organisation de développement,هيسي كردستان للتنمية,Heevie Kurdistan Development Organization,Organización de Desarrollo de Heevie Kurdistan
Directorate of Health - Duhok,Direction de la santé - Duhok,مديرية الصحة - دهوك,Directorate of Health - Duhok,Dirección de Salud - Duhok
Directorate of Outskirts Waters - Duhok,Direction des eaux de périphérie - Duhok,مديرية مشارف المياه - دهوك,Directorate of Outskirts Waters - Duhok,Dirección de Aguas Outskirts - Duhok
Directorate of Health - Duhok,Direction de la santé - Duhok,مديرية الصحة - دهوك,Directorate of Health - Duhok,Dirección de Salud - Duhok
Directorate of Outskirts Waters - Duhok,Direction des eaux de périphérie - Duhok,مديرية مشارف المياه - دهوك,Directorate of Outskirts Waters - Duhok,Dirección de Aguas Outskirts - Duhok
Malteser International,Malteser International,مالتيسير الدولية,Malteser International,Malteser Internacional
Step-In Project for Iraq In Need,Projet interne pour l'Irak dans le besoin,مشروع خطوة للعراق في حاجة,STEP-IN PROJECT FOR IRAQ IN NEED,Proyecto de paso para Irak en necesidad
Ministry of Displacement and Migration,Ministère des déplacements et de la migration,وزارة النزوح والهجرة,Ministry of Displacement and Migration,Ministerio de desplazamiento y migración.
Foundation of United for Relief and Sustainable Development,Fondation de United pour le soulagement et le développement durable,مؤسسة المتحدة للإغاثة والتنمية المستدامة,Foundation of United For Relief and Sustainable Development,Fundación de United for Relief y desarrollo sostenible.
Blumont  Organization,Organisation blumont,منظمة بلومونت,Blumont Organization,Organización BluMont
Critical Needs Support Foundation,Fonds de soutien aux besoins critiques,مؤسسة دعم الاحتياجات الهامة,Critical Needs Support Foundation,Fundación de apoyo para necesidades críticas
Norwegian Church Aid,Aide norvégienne de l'église,المساعدات الكنيسة النرويجية,Norwegian Church Aid,Ayuda de la iglesia noruega
Canadian Aid Organization for Iraqi Society and Rehabilitation,Organisation de l'aide canadienne pour la société irakienne et la réhabilitation,منظمة المساعدات الكندية للمجتمع العراقي وإعادة التأهيل,Canadian Aid Organization for Iraqi Society and Rehabilitation,Organización de ayuda canadiense para la sociedad iraquí y la rehabilitación.
Canadian Aid Organization for Iraqi Society and Rehabilitation,Organisation de l'aide canadienne pour la société irakienne et la réhabilitation,منظمة المساعدات الكندية للمجتمع العراقي وإعادة التأهيل,Canadian Aid Organization for Iraqi Society and Rehabilitation,Organización de ayuda canadiense para la sociedad iraquí y la rehabilitación.
Lutherian World Federation,Fédération mondiale luthérienne,الاتحاد العالمي اللوديريان,LUTHERIAN WORLD FEDERATION,Federación Mundial Luterica
French Red Cross,Croix-Rouge française,الفرنسية الصليب الأحمر,FRENCH RED CROSS,Cruz Roja Francesa
Mission East Organization,Mission Organisation East,منظمة مهمة الشرق,East Organization Mission,Misión de Organización Oriental
Cordaid Organization,Organisation Cordaid,منظمة كورداد,Cordaid Organization,Organización Cordaid
Action Contre La Faim,Action contre la préfare,العمل كونت لا فييم,Action against Hunger,Acción contra el hambre
Triangle GH,Triangle GH,مثلث gh.,Triangle GH,Triangle GH
Justice Center Iraq,Centre de justice Irak,مركز العدالة العراق,Justice Center Iraq,Centro de justicia Irak
Jannat Al-Firdaws,Jannat al-Firdaws,جنان العربد,Jannat al-Firdws,Jannat al-firdws
Al-Rakeezeh Organization,Organisation al-rakeezeh,منظمة الحمري,Al-Rakeezeh Organization,Organización Al-Rakeezeh
ZOA International,ZOA International,زوا الدولية,ZOA INTERNATIONAL,ZOA INTERNATIONAL
The United Iraqi Medical Society,La Société médicale irakienne unie,الجمعية الطبية العراقية المتحدة,THE UNITED IRAQI MEDICAL SOCIETY,La sociedad médica iraquí unida
Justice Gate Organization,Organisation de la porte de la justice,منظمة البوابة العدالة,Justice Gate Organization,Organización de la Puerta de Justicia
Civil Development Organization,Organisation de développement civil,منظمة التنمية المدنية,Civil Development Organization,Organización de Desarrollo Civil
Qatar Red Crescent,Croissant-Rouge Qatar,الهلال الأحمر القطر,Qatar Red Crescent,Qatar Red Crescent
Mission East Organization,Mission Organisation East,منظمة مهمة الشرق,East Organization Mission,Misión de Organización Oriental
Viyan Organization,Organisation Viyan,منظمة Viyan,VIYAN ORGANIZATION,Organización Viyan
Shareteah Organization,Organisation Shareteah,منظمة شاريتية,Sharetah Organization,Organización de ShareTah
Polish Humanitarian Organization,Organisation humanitaire polonaise,منظمة إنسانية بولندية,Polish Humanitarian Organization,Organización humanitaria polaca
Amalna Foundation for Community Building,Fondation Amalna pour le bâtiment communautaire,مؤسسة أمالنا لبناء المجتمع,Amalna Foundation for Community Building,Fundación Amalna para el edificio comunitario.
Amalna Foundation for Community Building,Fondation Amalna pour le bâtiment communautaire,مؤسسة أمالنا لبناء المجتمع,Amalna Foundation for Community Building,Fundación Amalna para el edificio comunitario.
Zakho Small Villages Projects,Zakho petits villages projets,مشاريع قرى زاخو الصغيرة,Zakho Small Villages Projects,Proyectos de pequeños pueblos de Zakho
Nonviolent Peaceforce,Peaceforce non violente,pailforce غير عنيف,Nonviolent Peaceforce,Fuerza de paz no violenta
Dijla Agricultural Association,Association agricole de Dijla,جمعية ديجلاء الزراعية,Dijla Agricultural Association,Asociación Agrícola de DIJLA
Cooperazione Internazionale,Coopérazione internazionaleale,cooperazione internazionale.,Internazionale Cooperazione,Internazionale cooperazione
Justice Gate Organization,Organisation de la porte de la justice,منظمة البوابة العدالة,Justice Gate Organization,Organización de la Puerta de Justicia
Samaritan Purse,Sac à main Samaritain,محفظة السامرية,Samaritan Purse,Bolso samaritano
Al-Aghsan Foundation,Fondation Al-Aghsan,مؤسسة آغسان,AL-AGHSAN FOUNDATION,Fundación Al-Aghsan
Sorouh for Sustainable Development Foundation,Sorouh pour la fondation du développement durable,صروح مؤسسة التنمية المستدامة,SOROUH FOR SUSTAINABLE DEVELOPMENT FOUNDATION,Sorouh para la Fundación de Desarrollo Sostenible
Near East Foundation,Près de la Fondation EST,مؤسسة الشرق القريبة,Near East Foundation,Cerca de la Fundación East
Point Organization,Organisation du point,تنظيم نقطة,Organization Point,Punto de organización
Sewan Women,Femmes de lawacan,المرأة المنظمة,SEWAN WOMEN,Mujeres deusanas
Emma Organization,Organisation EMMA,منظمة إيما,Emma Organization,Organización EMMA
Sewan Women,Femmes de lawacan,المرأة المنظمة,SEWAN WOMEN,Mujeres deusanas
Sewan Women,Femmes de lawacan,المرأة المنظمة,SEWAN WOMEN,Mujeres deusanas
Kurdistan Reconstruction and Development Society,Kurdistan Reconstruction et Development Society,مجتمع إعادة الإعمار والتنمية الكردستاني,Kurdistan Reconstruction and Development Society,Sociedad de Reconstrucción y Desarrollo de Kurdistán.
Kurdistan Reconstruction and Development Society,Kurdistan Reconstruction et Development Society,مجتمع إعادة الإعمار والتنمية الكردستاني,Kurdistan Reconstruction and Development Society,Sociedad de Reconstrucción y Desarrollo de Kurdistán.
Christian Aid Program Nohadra-Iraq,Programme d'aide chrétienne Nohadra-Irak,برنامج المساعدات المسيحية Nohadra-Iraq,Christian Aid Program Nohara-Iraq,Programa de Ayuda Cristiana Nohara-Iraq
Seed Foundation,Fondation de semences,مؤسسة البذور,SEED FOUNDATION,Fundación de semillas
Elisecare,Élisse,elisecare.,ELISECARE,Elisecare
Directorate of Health - Erbil,Direction de la santé - Erbil,مديرية الصحة - أربيل,Directorate of Health - Erbil,Dirección de Salud - Erbil
Directorate of Health - Erbil,Direction de la santé - Erbil,مديرية الصحة - أربيل,Directorate of Health - Erbil,Dirección de Salud - Erbil
Qatar Red Crescent,Croissant-Rouge Qatar,الهلال الأحمر القطر,Qatar Red Crescent,Qatar Red Crescent
Danish Refugee Council,Conseil de réfugié danois,مجلس اللاجئين الدانمركي,Danish refugee council,Consejo Danés de Refugiados
Médecins du Monde,Médecins du Monde,médecins du monde.,Doctors of the World,Médicos del mundo
Viyan Organization,Organisation Viyan,منظمة Viyan,VIYAN ORGANIZATION,Organización Viyan
Solidarités Internatinal,Solidarités internationales,solidarités Internatinal.,Internatial solidarity,Solidaridad Internacional
Canadian Aid Organization for Iraqi Society and Rehabilitation,Organisation de l'aide canadienne pour la société irakienne et la réhabilitation,منظمة المساعدات الكندية للمجتمع العراقي وإعادة التأهيل,Canadian Aid Organization for Iraqi Society and Rehabilitation,Organización de ayuda canadiense para la sociedad iraquí y la rehabilitación.
Representative of Nineveh Voluntary for IDPs,Représentant de neufveh volontaire pour les personnes déplacées,ممثل نينوى الطوعية للنازحين,Representative of Nineveh Voluntary for Idps,Representante de Nínive Voluntario para IDP.
Dijla Agricultural Association,Association agricole de Dijla,جمعية ديجلاء الزراعية,Dijla Agricultural Association,Asociación Agrícola de DIJLA
Tutapona Organization,Organisation tutapona,تنظيم Tutapona,Tutapona Organization,Organización de Tutapona
The Lotus Flower,La fleur de lotus,زهرة اللوتس,The Lotus Flower,La flor de loto
Critical Needs Support Foundation,Fonds de soutien aux besoins critiques,مؤسسة دعم الاحتياجات الهامة,Critical Needs Support Foundation,Fundación de apoyo para necesidades críticas
Jannat Al-Firdaws,Jannat al-Firdaws,جنان العربد,Jannat al-Firdws,Jannat al-firdws
Al-Mortaqa Foundation,Fondation Al-Mortaqa,مؤسسة المواطقة,Al-Mortaqa Foundation,Fundación al-Mortaqa
International Federation of Medical Students Associations,Fédération internationale des associations d'étudiants en médecine,الاتحاد الدولي لرابطات طلاب الطب,International Federation of Medical Students Associations,Federación Internacional de Asociaciones de Estudiantes Médicos.
UM Al-Yateem for Development Foundation,Um al-yateem pour la fondation de développement,مؤسسة ام التسيم للتنمية,UM al-Yateem for Development Foundation,Um al-Yateem para la Fundación de Desarrollo
International Federation of Medical Students Associations,Fédération internationale des associations d'étudiants en médecine,الاتحاد الدولي لرابطات طلاب الطب,International Federation of Medical Students Associations,Federación Internacional de Asociaciones de Estudiantes Médicos.
International Federation of Medical Students Associations,Fédération internationale des associations d'étudiants en médecine,الاتحاد الدولي لرابطات طلاب الطب,International Federation of Medical Students Associations,Federación Internacional de Asociaciones de Estudiantes Médicos.
Mine Action Group,Groupe d'action minière,مجموعة الإجراءات المتعلقة بالألغام,MINE ACTION GROUP,Grupo de acción mina
Mine Action Group,Groupe d'action minière,مجموعة الإجراءات المتعلقة بالألغام,MINE ACTION GROUP,Grupo de acción mina
Mine Action Group,Groupe d'action minière,مجموعة الإجراءات المتعلقة بالألغام,MINE ACTION GROUP,Grupo de acción mina
Mine Action Group,Groupe d'action minière,مجموعة الإجراءات المتعلقة بالألغام,MINE ACTION GROUP,Grupo de acción mina
Heartland Alliance International,Heartland Alliance International,قلب التحالف الدولي,Heartland Alliance International,Heartland Alliance International
The Lotus Flower,La fleur de lotus,زهرة اللوتس,The Lotus Flower,La flor de loto
Goal Organization,Organisation de but,منظمة الهدف,Goal Organization,Organización para objetivos
Association of Volunteers in International Service,Association des volontaires dans le service international,جمعية المتطوعين في الخدمة الدولية,Association of Volunteers in International Service,Asociación de Voluntarios en Servicio Internacional.
Association of Volunteers in International Service,Association des volontaires dans le service international,جمعية المتطوعين في الخدمة الدولية,Association of Volunteers in International Service,Asociación de Voluntarios en Servicio Internacional.
Association of Volunteers in International Service,Association des volontaires dans le service international,جمعية المتطوعين في الخدمة الدولية,Association of Volunteers in International Service,Asociación de Voluntarios en Servicio Internacional.
Médecins du Monde,Médecins du Monde,médecins du monde.,Doctors of the World,Médicos del mundo
Goal Organization,Organisation de but,منظمة الهدف,Goal Organization,Organización para objetivos
Goal Organization,Organisation de but,منظمة الهدف,Goal Organization,Organización para objetivos
Malteser International,Malteser International,مالتيسير الدولية,Malteser International,Malteser Internacional
Directorate of Health - Erbil,Direction de la santé - Erbil,مديرية الصحة - أربيل,Directorate of Health - Erbil,Dirección de Salud - Erbil
Al-Miezan Association for Human Rights development,Association Al-Miezan pour le développement des droits de l'homme,جمعية الميزان لتنمية حقوق الإنسان,Al-Miezan Association for Human Rights Development,Asociación de Al-Miezan para el desarrollo de los derechos humanos.
Triangle GH,Triangle GH,مثلث gh.,Triangle GH,Triangle GH
Polish Humanitarian Organization,Organisation humanitaire polonaise,منظمة إنسانية بولندية,Polish Humanitarian Organization,Organización humanitaria polaca
Nonviolent Peaceforce,Peaceforce non violente,pailforce غير عنيف,Nonviolent Peaceforce,Fuerza de paz no violenta
Jiyan Foundation,Jiyan Foundation,مؤسسة جيان,Jiyan Foundation,Fundación Jiyan
Mission East Organization,Mission Organisation East,منظمة مهمة الشرق,East Organization Mission,Misión de Organización Oriental
Arbeiter Samariter Bund,Arbeiter Samariter Bund,Arbeiter Samariter Bund.,Arbeiter Samariter Bund,Arbeiter Samariter Bund
Mercy Hands,Mercy mains,الرحمة اليدين,MERCY HANDS,Manos de misericordia
Voice of Older People,Voix des personnes âgées,صوت كبار السن,Voice of Older People,Voz de personas mayores
Directorate of Labour & Social Affairs - Erbil,Direction du travail et des affaires sociales - Erbil,مديرية العمل والشؤون الاجتماعية - أربيل,Directorate of Labor & Social Affairs - Erbil,Dirección de Trabajo y Asuntos Sociales - Erbil
Directorate of Labour & Social Affairs - Erbil,Direction du travail et des affaires sociales - Erbil,مديرية العمل والشؤون الاجتماعية - أربيل,Directorate of Labor & Social Affairs - Erbil,Dirección de Trabajo y Asuntos Sociales - Erbil
cooperazione e sviluppo,cooperazione e sviluppo,Cooperazione e sviluppo.,COOPERAZIONE E SVILUPO,Cooperazione e svilupo
International Federation of Medical Students Associations,Fédération internationale des associations d'étudiants en médecine,الاتحاد الدولي لرابطات طلاب الطب,International Federation of Medical Students Associations,Federación Internacional de Asociaciones de Estudiantes Médicos.
Al-Miezan Association for Human Rights development,Association Al-Miezan pour le développement des droits de l'homme,جمعية الميزان لتنمية حقوق الإنسان,Al-Miezan Association for Human Rights Development,Asociación de Al-Miezan para el desarrollo de los derechos humanos.
Zakho Small Villages Projects,Zakho petits villages projets,مشاريع قرى زاخو الصغيرة,Zakho Small Villages Projects,Proyectos de pequeños pueblos de Zakho
Iraq Health Access Organization,Oraq Health Access Organization,منظمة الوصول الصحية في العراق,Iraq Health Access Organization,Organización de acceso a la salud de Irak
Bent Al-Rafedain Organization,Organisation Bent Al-Rafedain,منظمة عازمة الرافدين,Bent al-Salesland Organization,Organización Bent al-Salesland
Jannat Al-Firdaws,Jannat al-Firdaws,جنان العربد,Jannat al-Firdws,Jannat al-firdws
Bent Al-Rafedain Organization,Organisation Bent Al-Rafedain,منظمة عازمة الرافدين,Bent al-Salesland Organization,Organización Bent al-Salesland
Bent Al-Rafedain Organization,Organisation Bent Al-Rafedain,منظمة عازمة الرافدين,Bent al-Salesland Organization,Organización Bent al-Salesland
Al-Rakeezeh Organization,Organisation al-rakeezeh,منظمة الحمري,Al-Rakeezeh Organization,Organización Al-Rakeezeh
Kurdistan Save the Children,Kurdistan sauver les enfants,كردستان تنقذ الأطفال,Kurdistan Save the Children,Kurdistán salva a los niños
Emergency Organization,Organisation d'urgence,منظمة الطوارئ,EMERGENCY ORGANIZATION,Organización de emergencia
Social Transformation and Educational Prosperity,Transformation sociale et prospérité éducative,التحول الاجتماعي والازدهار التعليمي,Social Transformation and Educational Prosperity,Transformación social y prosperidad educativa.
Tajdid Organization,Organisation Tajdid,تنظيم طاجيد,Tajdid Organization,Organización Tajdid
Sewan Women,Femmes de lawacan,المرأة المنظمة,SEWAN WOMEN,Mujeres deusanas
Human Appeal,Attrait humain,استئناف بشري,Human appeal,Atractivo humano
Kurdistan Reconstruction and Development Society,Kurdistan Reconstruction et Development Society,مجتمع إعادة الإعمار والتنمية الكردستاني,Kurdistan Reconstruction and Development Society,Sociedad de Reconstrucción y Desarrollo de Kurdistán.
Directorate of Labour & Social Affairs - Erbil,Direction du travail et des affaires sociales - Erbil,مديرية العمل والشؤون الاجتماعية - أربيل,Directorate of Labor & Social Affairs - Erbil,Dirección de Trabajo y Asuntos Sociales - Erbil
Pena Center for Combating Violence against Women,Pena Center pour lutter contre la violence à l'égard des femmes,مركز بينا لمكافحة العنف ضد المرأة,PENA CENTER for Combating Violence Against Women,Peña Centro para combatir la violencia contra las mujeres.
Viyan Organization,Organisation Viyan,منظمة Viyan,VIYAN ORGANIZATION,Organización Viyan
Polish Humanitarian Organization,Organisation humanitaire polonaise,منظمة إنسانية بولندية,Polish Humanitarian Organization,Organización humanitaria polaca
Cooperazione Internazionale,Coopérazione internazionaleale,cooperazione internazionale.,Internazionale Cooperazione,Internazionale cooperazione
Arbeiter Samariter Bund,Arbeiter Samariter Bund,Arbeiter Samariter Bund.,Arbeiter Samariter Bund,Arbeiter Samariter Bund
Baghdad Organization Mines,BAGDAD ORGANISATION MINES,منظمة بغداد المناجم,Baghdad Organization Mines,Bagdad organización minas
Preemptive Love Coalition,Coalition d'amour préventive,تحالف الحب الوقائي,Preemptive Love Coalition,Coalición de amor preventiva
World Food Programme,Programme alimentaire mondial,برنامج الأغذية العالمي,World Food Program,Programa Mundial de Alimentos
Emma Organization,Organisation EMMA,منظمة إيما,Emma Organization,Organización EMMA
Directorate of Labour & Social Affairs - Erbil,Direction du travail et des affaires sociales - Erbil,مديرية العمل والشؤون الاجتماعية - أربيل,Directorate of Labor & Social Affairs - Erbil,Dirección de Trabajo y Asuntos Sociales - Erbil
Ministry of Displacement and Migration,Ministère des déplacements et de la migration,وزارة النزوح والهجرة,Ministry of Displacement and Migration,Ministerio de desplazamiento y migración.
Kurdistan Relief Association,Association de secours de Kurdistan,جمعية إغاثة كردستان,KURDISTAN RELIEF Association,Asociación de Alivio de Kurdistán
Kurdistan Relief Association,Association de secours de Kurdistan,جمعية إغاثة كردستان,KURDISTAN RELIEF Association,Asociación de Alivio de Kurdistán
Pena Center for Combating Violence against Women,Pena Center pour lutter contre la violence à l'égard des femmes,مركز بينا لمكافحة العنف ضد المرأة,PENA CENTER for Combating Violence Against Women,Peña Centro para combatir la violencia contra las mujeres.
Viyan Organization,Organisation Viyan,منظمة Viyan,VIYAN ORGANIZATION,Organización Viyan
Woman Leadership Institute,Institut de la Femme Leadership,معهد قيادة المرأة,Woman Leadership Institute,Instituto de Liderazgo de Mujer
Caritas Iraq Organization,Caritas Irak Organisation,منظمة كاريتاس للعراق,Caritas Iraq Organization,Organización CARITAS IRAK
War Child - UK,Guerre enfant - Royaume-Uni,حرب الطفل - المملكة المتحدة,War Child - UK,Niño de la guerra - Reino Unido
Near East Foundation,Près de la Fondation EST,مؤسسة الشرق القريبة,Near East Foundation,Cerca de la Fundación East
Baghdad Organization Mines,BAGDAD ORGANISATION MINES,منظمة بغداد المناجم,Baghdad Organization Mines,Bagdad organización minas
Ministry of Labor and Social Affairs,Ministère du travail et des affaires sociales,وزارة العمل والشؤون الاجتماعية,Ministry of Labor and Social Affairs,Ministerio de Trabajo y Asuntos Sociales.
Norweigan Refugee Council,Conseil de réfugié Norweigan,مجلس اللاجئين نورويغان,Norweigan Refugee Council,Consejo de Refugiados de Norweigan
Goal Organization,Organisation de but,منظمة الهدف,Goal Organization,Organización para objetivos
Woman Leadership Institute,Institut de la Femme Leadership,معهد قيادة المرأة,Woman Leadership Institute,Instituto de Liderazgo de Mujer
Sama Al Iraq for Relief and Development,Sama Al Irak pour le soulagement et le développement,سما العراق للإغاثة والتنمية,Sama Al Iraq for Relief and Development,Sama Al Irak para alivio y desarrollo
International Volunteers of Yamagata,Volontaires internationaux de Yamagata,المتطوعون الدوليين في Yamagata,International Volunteers of Yamagata,Voluntarios internacionales de Yamagata.
Help Hilfe zur Selbsthilfe e.V.,HELP HILFE ZUR SELBSTHILFE E.V.,مساعدة هيلفي zur selbsthilfe e.v.,HELP HILFE ZUR SELBSTHILFE E.V.,Ayuda a Hilfe Zur Selbsthilfe E.V.
Welt Hunger Hilfe,Welt Hunger Hilfe,فيلت جوع هيلف,Welt Hunger Hilfe,Welt Hunger Hilfe
Skilled Iraqi Women Foundation,Fondation irakienne qualifiée,مؤسسة المرأة العراقية الماهرة,Skilled Iraqi Women Foundation,Fundación hábil iraquí de mujeres
Skilled Iraqi Women Foundation,Fondation irakienne qualifiée,مؤسسة المرأة العراقية الماهرة,Skilled Iraqi Women Foundation,Fundación hábil iraquí de mujeres
Ministry of Labor and Social Affairs,Ministère du travail et des affaires sociales,وزارة العمل والشؤون الاجتماعية,Ministry of Labor and Social Affairs,Ministerio de Trabajo y Asuntos Sociales.
Preemptive Love Coalition,Coalition d'amour préventive,تحالف الحب الوقائي,Preemptive Love Coalition,Coalición de amor preventiva
International Volunteers of Yamagata,Volontaires internationaux de Yamagata,المتطوعون الدوليين في Yamagata,International Volunteers of Yamagata,Voluntarios internacionales de Yamagata.
Help Hilfe zur Selbsthilfe e.V.,HELP HILFE ZUR SELBSTHILFE E.V.,مساعدة هيلفي zur selbsthilfe e.v.,HELP HILFE ZUR SELBSTHILFE E.V.,Ayuda a Hilfe Zur Selbsthilfe E.V.
Access Aid Foundation,Fondation d'aide à accès,وصول مؤسسة المعونة,Access Aid Foundation,Fundación Ayuda de Acceso
Help Hilfe zur Selbsthilfe e.V.,HELP HILFE ZUR SELBSTHILFE E.V.,مساعدة هيلفي zur selbsthilfe e.v.,HELP HILFE ZUR SELBSTHILFE E.V.,Ayuda a Hilfe Zur Selbsthilfe E.V.